{"packages/cupertino_icons/assets/CupertinoIcons.ttf":["packages/cupertino_icons/assets/CupertinoIcons.ttf"],"fonts/Quicksand-Bold.ttf":["fonts/Quicksand-Bold.ttf"],"fonts/Quicksand-Light.ttf":["fonts/Quicksand-Light.ttf"],"fonts/Quicksand-Medium.ttf":["fonts/Quicksand-Medium.ttf"],"fonts/Quicksand-Regular.ttf":["fonts/Quicksand-Regular.ttf"],"assets/rankImages/Rank_01.png":["assets/rankImages/Rank_01.png"],"assets/rankImages/Rank_02.png":["assets/rankImages/Rank_02.png"],"assets/rankImages/Rank_03.png":["assets/rankImages/Rank_03.png"],"assets/rankImages/Rank_04.png":["assets/rankImages/Rank_04.png"],"assets/rankImages/Rank_05.png":["assets/rankImages/Rank_05.png"],"assets/rankImages/Rank_06.png":["assets/rankImages/Rank_06.png"],"assets/rankImages/Rank_07.png":["assets/rankImages/Rank_07.png"],"assets/rankImages/Rank_08.png":["assets/rankImages/Rank_08.png"],"assets/rankImages/Rank_09.png":["assets/rankImages/Rank_09.png"],"assets/rankImages/Rank_10.png":["assets/rankImages/Rank_10.png"],"assets/rankImages/Rank_11.png":["assets/rankImages/Rank_11.png"],"assets/rankImages/Rank_12.png":["assets/rankImages/Rank_12.png"],"assets/rankImages/Rank_13.png":["assets/rankImages/Rank_13.png"],"assets/rankImages/Rank_14.png":["assets/rankImages/Rank_14.png"],"assets/rankImages/Rank_15.png":["assets/rankImages/Rank_15.png"],"assets/rankImages/Rank_16.png":["assets/rankImages/Rank_16.png"],"assets/rankImages/Rank_17.png":["assets/rankImages/Rank_17.png"],"assets/rankImages/Rank_18.png":["assets/rankImages/Rank_18.png"],"assets/rankImages/Rank_19.png":["assets/rankImages/Rank_19.png"],"assets/rankImages/Rank_20.png":["assets/rankImages/Rank_20.png"],"assets/rankImages/Rank_21.png":["assets/rankImages/Rank_21.png"],"assets/rankImages/Rank_22.png":["assets/rankImages/Rank_22.png"],"assets/rankImages/Rank_23.png":["assets/rankImages/Rank_23.png"],"assets/rankImages/Rank_24.png":["assets/rankImages/Rank_24.png"],"assets/rankImages/Rank_25.png":["assets/rankImages/Rank_25.png"],"assets/rankImages/Rank_26.png":["assets/rankImages/Rank_26.png"],"assets/rankImages/Rank_27.png":["assets/rankImages/Rank_27.png"],"assets/rankImages/Rank_28.png":["assets/rankImages/Rank_28.png"],"assets/rankImages/Rank_29.png":["assets/rankImages/Rank_29.png"],"assets/rankImages/Rank_30.png":["assets/rankImages/Rank_30.png"],"assets/rankImages/Rank_31.png":["assets/rankImages/Rank_31.png"],"assets/rankImages/Rank_32.png":["assets/rankImages/Rank_32.png"],"assets/rankImages/Rank_33.png":["assets/rankImages/Rank_33.png"],"assets/rankImages/Rank_34.png":["assets/rankImages/Rank_34.png"],"assets/rankImages/Rank_35.png":["assets/rankImages/Rank_35.png"],"assets/rankImages/Rank_36.png":["assets/rankImages/Rank_36.png"],"assets/rankImages/Rank_37.png":["assets/rankImages/Rank_37.png"],"assets/rankImages/Rank_38.png":["assets/rankImages/Rank_38.png"],"assets/rankImages/Rank_39.png":["assets/rankImages/Rank_39.png"],"assets/rankImages/Rank_40.png":["assets/rankImages/Rank_40.png"],"assets/rankImages/Rank_41.png":["assets/rankImages/Rank_41.png"],"assets/rankImages/Rank_42.png":["assets/rankImages/Rank_42.png"],"assets/rankImages/Rank_43.png":["assets/rankImages/Rank_43.png"],"assets/rankImages/Rank_44.png":["assets/rankImages/Rank_44.png"],"assets/rankImages/Rank_45.png":["assets/rankImages/Rank_45.png"],"assets/rankImages/Rank_46.png":["assets/rankImages/Rank_46.png"],"assets/rankImages/Rank_47.png":["assets/rankImages/Rank_47.png"],"assets/rankImages/Rank_48.png":["assets/rankImages/Rank_48.png"],"assets/rankImages/Rank_49.png":["assets/rankImages/Rank_49.png"],"assets/rankImages/Rank_50.png":["assets/rankImages/Rank_50.png"],"assets/rankImages/Rank_51.png":["assets/rankImages/Rank_51.png"],"assets/rankImages/Rank_52.png":["assets/rankImages/Rank_52.png"],"assets/rankImages/Rank_53.png":["assets/rankImages/Rank_53.png"],"assets/rankImages/Rank_54.png":["assets/rankImages/Rank_54.png"],"assets/rankImages/Rank_55.png":["assets/rankImages/Rank_55.png"],"assets/rankImages/Rank_56.png":["assets/rankImages/Rank_56.png"],"assets/rankImages/Rank_57.png":["assets/rankImages/Rank_57.png"],"assets/rankImages/Rank_58.png":["assets/rankImages/Rank_58.png"],"assets/rankImages/Rank_59.png":["assets/rankImages/Rank_59.png"],"assets/rankImages/Rank_60.png":["assets/rankImages/Rank_60.png"],"assets/rankImages/Rank_61.png":["assets/rankImages/Rank_61.png"],"assets/rankImages/Rank_62.png":["assets/rankImages/Rank_62.png"],"assets/rankImages/Rank_63.png":["assets/rankImages/Rank_63.png"],"assets/rankImages/Rank_64.png":["assets/rankImages/Rank_64.png"],"assets/rankImages/Rank_65.png":["assets/rankImages/Rank_65.png"],"assets/rankImages/Rank_66.png":["assets/rankImages/Rank_66.png"],"assets/rankImages/Rank_67.png":["assets/rankImages/Rank_67.png"],"assets/rankImages/Rank_68.png":["assets/rankImages/Rank_68.png"],"assets/rankImages/Rank_69.png":["assets/rankImages/Rank_69.png"],"assets/rankImages/Rank_70.png":["assets/rankImages/Rank_70.png"],"assets/rankImages/Rank_71.png":["assets/rankImages/Rank_71.png"],"assets/rankImages/Rank_72.png":["assets/rankImages/Rank_72.png"],"assets/rankImages/Rank_73.png":["assets/rankImages/Rank_73.png"],"assets/rankImages/Rank_74.png":["assets/rankImages/Rank_74.png"],"assets/rankImages/Rank_75.png":["assets/rankImages/Rank_75.png"],"assets/rankImages/Rank_76.png":["assets/rankImages/Rank_76.png"],"assets/rankImages/Rank_77.png":["assets/rankImages/Rank_77.png"],"assets/rankImages/Rank_78.png":["assets/rankImages/Rank_78.png"],"assets/rankImages/Rank_79.png":["assets/rankImages/Rank_79.png"],"assets/rankImages/Rank_80.png":["assets/rankImages/Rank_80.png"],"assets/rankImages/Rank_81.png":["assets/rankImages/Rank_81.png"],"assets/rankImages/Rank_82.png":["assets/rankImages/Rank_82.png"],"assets/rankImages/Rank_83.png":["assets/rankImages/Rank_83.png"],"assets/rankImages/Rank_84.png":["assets/rankImages/Rank_84.png"],"assets/rankImages/Rank_85.png":["assets/rankImages/Rank_85.png"],"assets/rankImages/Rank_86.png":["assets/rankImages/Rank_86.png"],"assets/rankImages/Rank_87.png":["assets/rankImages/Rank_87.png"],"assets/rankImages/Rank_88.png":["assets/rankImages/Rank_88.png"],"assets/rankImages/Rank_89.png":["assets/rankImages/Rank_89.png"],"assets/rankImages/Rank_90.png":["assets/rankImages/Rank_90.png"],"assets/images/WF141.jpg":["assets/images/WF141.jpg"],"fonts/WFTrackerIcons.ttf":["fonts/WFTrackerIcons.ttf"],"assets/images/background.jpg":["assets/images/background.jpg"],"assets/classImages/class0.png":["assets/classImages/class0.png"],"assets/classImages/class1.png":["assets/classImages/class1.png"],"assets/classImages/class2.png":["assets/classImages/class2.png"],"assets/classImages/class3.png":["assets/classImages/class3.png"],"packages/feather_icons_flutter/lib/fonts/feathericons.ttf":["packages/feather_icons_flutter/lib/fonts/feathericons.ttf"],"assets/gif.gif":["assets/gif.gif"],"assets/images/hero2.jpg":["assets/images/hero2.jpg"],"assets/images/logo.jpeg":["assets/images/logo.jpeg"],"assets/roleImages/master.png":["assets/roleImages/master.png"],"assets/roleImages/officer.png":["assets/roleImages/officer.png"],"assets/images/placeholder.jpg":["assets/images/placeholder.jpg"],"assets/images//warface.jpeg":["assets/images//warface.jpeg"],"assets/images/wf.jpg":["assets/images/wf.jpg"]}