[{"fonts":[{"asset":"fonts/MaterialIcons-Regular.ttf"}],"family":"MaterialIcons"},{"family":"WFTrackerIcons","fonts":[{"asset":"fonts/WFTrackerIcons.ttf"}]},{"family":"Quicksand","fonts":[{"asset":"fonts/Quicksand-Regular.ttf"},{"asset":"fonts/Quicksand-Medium.ttf"},{"asset":"fonts/Quicksand-Bold.ttf"},{"asset":"fonts/Quicksand-Light.ttf"}]},{"family":"packages/cupertino_icons/CupertinoIcons","fonts":[{"asset":"packages/cupertino_icons/assets/CupertinoIcons.ttf"}]},{"family":"packages/feather_icons_flutter/FeatherIcons","fonts":[{"weight":400,"asset":"packages/feather_icons_flutter/lib/fonts/feathericons.ttf"}]},{"fonts":[{"asset":"fonts/MaterialIcons-Regular.ttf"}],"family":"MaterialIcons"}]